username,email,password,phone,national_code,job
sara.niazi,sara.niazi@gmail.com,sara2026,09187364291,0446789012,روانشناس
kiarash.rad,kiarash.rad@yahoo.com,kiarash123,09364182957,0057890123,Default
mona.sharifi,mona.sharifi@outlook.com,mona789,09124583976,4608901234,طراح لباس
yaser.t,yaser.tohidi@gmail.com,yaser321,09217654839,2619012345,Default
نیلوفر زمانی,niloufar.zamani@yahoo.com,nilo456,09358742106,2710123456,پژوهشگر
bardia.soleimani,bardia.soleimani@icloud.com,bardia88,09193476258,2721234567,Default
غزل رفیعی,ghazal.rafiei@gmail.com,ghazal777,09234861795,2902345678,معلم
saman.behrami,saman.behrami@hotmail.com,saman555,09391284637,5073456789,Default
helia.farhadi,helia.farhadi@proton.me,helia999,09152673849,0444567890,طراح گرافیک
navid.kamali,navid.kamali@yahoo.com,navid111,09276483915,0055678901,Default
الناز قاسمی,elnaz.ghasemi@gmail.com,elnaz222,09348572619,4606789012,حسابدار
pouya.niknam,pouya.niknam@outlook.com,pouya333,09163847592,2617890123,Default
romina.yazdani,romina.yazdani@gmail.com,romina444,09291836475,2718901234,پزشک
آراد کاوه,arad.kaveh@yahoo.com,arad555,09327684159,2729012345,Default
taranom.akbari,taranom.akbari@icloud.com,taranom666,09174952638,2900123456,دانشجو
milad.shams,milad.shams@gmail.com,milad777,09258473916,5071234567,Default
مهسا نوری,mahsa.noori@outlook.com,mahsa888,09381627549,0442345678,فروشنده
kaveh.moradi,kaveh.moradi@hotmail.com,kaveh999,09136284975,0053456789,Default
pegah.karimi,pegah.karimi@gmail.com,pegah123,09274638159,4604567890,بازاریاب
سینا بهشتی,sina.beheshti@yahoo.com,sina456,09352917486,2615678901,Default
ava.hosseini,ava.hosseini@gmail.com,ava789,09168427395,2716789012,عکاس
شایان مرادی,shayan.moradi@outlook.com,shayan321,09283571649,2727890123,Default
darya.mousavi,darya.mousavi@gmail.com,darya654,09394726158,2908901234,نویسنده
فرزاد نادری,farzad.naderi@proton.me,farzad987,09175839426,5079012345,Default
leila.sadeghi,leila.sadeghi@yahoo.com,leila246,09246381759,0440123456,کارمند
